{
  "svm": 0.7399267399267399,
  "rf": 0.6228896103896104,
  "xgb": 0.6658874458874459
}