{
  "svm": 0.7948717948717949,
  "rf": 0.7902930402930403,
  "xgb": 0.7927489177489178
}