{
  "caminar": {
    "precision": 0.7142857142857143,
    "recall": 0.9090909090909091,
    "f1-score": 0.8,
    "support": 11.0
  },
  "girar": {
    "precision": 0.3333333333333333,
    "recall": 0.2,
    "f1-score": 0.25,
    "support": 5.0
  },
  "ponerse_de_pie": {
    "precision": 0.8,
    "recall": 0.6666666666666666,
    "f1-score": 0.7272727272727273,
    "support": 6.0
  },
  "sentarse": {
    "precision": 0.7142857142857143,
    "recall": 0.7142857142857143,
    "f1-score": 0.7142857142857143,
    "support": 7.0
  },
  "accuracy": 0.6896551724137931,
  "macro avg": {
    "precision": 0.6404761904761905,
    "recall": 0.6225108225108226,
    "f1-score": 0.6228896103896104,
    "support": 29.0
  },
  "weighted avg": {
    "precision": 0.6663382594417077,
    "recall": 0.6896551724137931,
    "f1-score": 0.669435736677116,
    "support": 29.0
  }
}