{
  "caminar": {
    "precision": 0.9,
    "recall": 0.8181818181818182,
    "f1-score": 0.8571428571428571,
    "support": 11.0
  },
  "girar": {
    "precision": 0.5714285714285714,
    "recall": 0.8,
    "f1-score": 0.6666666666666666,
    "support": 5.0
  },
  "ponerse_de_pie": {
    "precision": 0.7142857142857143,
    "recall": 0.8333333333333334,
    "f1-score": 0.7692307692307693,
    "support": 6.0
  },
  "sentarse": {
    "precision": 0.8,
    "recall": 0.5714285714285714,
    "f1-score": 0.6666666666666666,
    "support": 7.0
  },
  "accuracy": 0.7586206896551724,
  "macro avg": {
    "precision": 0.7464285714285714,
    "recall": 0.7557359307359308,
    "f1-score": 0.7399267399267399,
    "support": 29.0
  },
  "weighted avg": {
    "precision": 0.7807881773399015,
    "recall": 0.7586206896551724,
    "f1-score": 0.7601364153088291,
    "support": 29.0
  }
}