{
  "caminar": {
    "precision": 1.0,
    "recall": 1.0,
    "f1-score": 1.0,
    "support": 14.0
  },
  "girar": {
    "precision": 0.8333333333333334,
    "recall": 0.8333333333333334,
    "f1-score": 0.8333333333333334,
    "support": 6.0
  },
  "ponerse_de_pie": {
    "precision": 1.0,
    "recall": 0.875,
    "f1-score": 0.9333333333333333,
    "support": 8.0
  },
  "sentarse": {
    "precision": 0.75,
    "recall": 0.8571428571428571,
    "f1-score": 0.8,
    "support": 7.0
  },
  "accuracy": 0.9142857142857143,
  "macro avg": {
    "precision": 0.8958333333333334,
    "recall": 0.8913690476190477,
    "f1-score": 0.8916666666666666,
    "support": 35.0
  },
  "weighted avg": {
    "precision": 0.9214285714285714,
    "recall": 0.9142857142857143,
    "f1-score": 0.9161904761904763,
    "support": 35.0
  }
}