{
  "caminar": {
    "precision": 0.7333333333333333,
    "recall": 1.0,
    "f1-score": 0.8461538461538461,
    "support": 11.0
  },
  "girar": {
    "precision": 1.0,
    "recall": 0.2,
    "f1-score": 0.3333333333333333,
    "support": 5.0
  },
  "ponerse_de_pie": {
    "precision": 1.0,
    "recall": 1.0,
    "f1-score": 1.0,
    "support": 6.0
  },
  "sentarse": {
    "precision": 1.0,
    "recall": 1.0,
    "f1-score": 1.0,
    "support": 6.0
  },
  "accuracy": 0.8571428571428571,
  "macro avg": {
    "precision": 0.9333333333333333,
    "recall": 0.8,
    "f1-score": 0.7948717948717949,
    "support": 28.0
  },
  "weighted avg": {
    "precision": 0.8952380952380953,
    "recall": 0.8571428571428571,
    "f1-score": 0.8205128205128205,
    "support": 28.0
  }
}