{
  "caminar": {
    "precision": 0.7857142857142857,
    "recall": 1.0,
    "f1-score": 0.88,
    "support": 11.0
  },
  "girar": {
    "precision": 1.0,
    "recall": 0.4,
    "f1-score": 0.5714285714285714,
    "support": 5.0
  },
  "ponerse_de_pie": {
    "precision": 0.5555555555555556,
    "recall": 0.8333333333333334,
    "f1-score": 0.6666666666666666,
    "support": 6.0
  },
  "sentarse": {
    "precision": 0.75,
    "recall": 0.42857142857142855,
    "f1-score": 0.5454545454545454,
    "support": 7.0
  },
  "accuracy": 0.7241379310344828,
  "macro avg": {
    "precision": 0.7728174603174602,
    "recall": 0.6654761904761904,
    "f1-score": 0.6658874458874459,
    "support": 29.0
  },
  "weighted avg": {
    "precision": 0.7664203612479474,
    "recall": 0.7241379310344828,
    "f1-score": 0.7019077474249887,
    "support": 29.0
  }
}