{
  "caminar": {
    "precision": 0.9333333333333333,
    "recall": 1.0,
    "f1-score": 0.9655172413793104,
    "support": 14.0
  },
  "girar": {
    "precision": 1.0,
    "recall": 0.8333333333333334,
    "f1-score": 0.9090909090909091,
    "support": 6.0
  },
  "ponerse_de_pie": {
    "precision": 1.0,
    "recall": 0.75,
    "f1-score": 0.8571428571428571,
    "support": 8.0
  },
  "sentarse": {
    "precision": 0.7777777777777778,
    "recall": 1.0,
    "f1-score": 0.875,
    "support": 7.0
  },
  "accuracy": 0.9142857142857143,
  "macro avg": {
    "precision": 0.9277777777777778,
    "recall": 0.8958333333333334,
    "f1-score": 0.9016877519032691,
    "support": 35.0
  },
  "weighted avg": {
    "precision": 0.928888888888889,
    "recall": 0.9142857142857143,
    "f1-score": 0.9129694197428188,
    "support": 35.0
  }
}