{
  "caminar": {
    "precision": 0.7692307692307693,
    "recall": 0.9090909090909091,
    "f1-score": 0.8333333333333334,
    "support": 11.0
  },
  "girar": {
    "precision": 1.0,
    "recall": 0.4,
    "f1-score": 0.5714285714285714,
    "support": 5.0
  },
  "ponerse_de_pie": {
    "precision": 0.75,
    "recall": 1.0,
    "f1-score": 0.8571428571428571,
    "support": 6.0
  },
  "sentarse": {
    "precision": 1.0,
    "recall": 0.8333333333333334,
    "f1-score": 0.9090909090909091,
    "support": 6.0
  },
  "accuracy": 0.8214285714285714,
  "macro avg": {
    "precision": 0.8798076923076923,
    "recall": 0.7856060606060606,
    "f1-score": 0.7927489177489178,
    "support": 28.0
  },
  "weighted avg": {
    "precision": 0.8557692307692307,
    "recall": 0.8214285714285714,
    "f1-score": 0.8079004329004329,
    "support": 28.0
  }
}