{
  "svm": 0.9353187042842215,
  "rf": 0.9016877519032691,
  "xgb": 0.9016877519032691
}