{
  "caminar": {
    "precision": 0.9333333333333333,
    "recall": 1.0,
    "f1-score": 0.9655172413793104,
    "support": 14.0
  },
  "girar": {
    "precision": 1.0,
    "recall": 0.8333333333333334,
    "f1-score": 0.9090909090909091,
    "support": 6.0
  },
  "ponerse_de_pie": {
    "precision": 1.0,
    "recall": 0.875,
    "f1-score": 0.9333333333333333,
    "support": 8.0
  },
  "sentarse": {
    "precision": 0.875,
    "recall": 1.0,
    "f1-score": 0.9333333333333333,
    "support": 7.0
  },
  "accuracy": 0.9428571428571428,
  "macro avg": {
    "precision": 0.9520833333333334,
    "recall": 0.9270833333333334,
    "f1-score": 0.9353187042842215,
    "support": 35.0
  },
  "weighted avg": {
    "precision": 0.9483333333333333,
    "recall": 0.9428571428571428,
    "f1-score": 0.9420510523958798,
    "support": 35.0
  }
}